route_id,route_name,stop_id,stop_sequence,latitude,longitude,stop_name,distance_to_next,cumulative_distance,estimated_travel_time_min,route_segment,travel_time_category,distance_category,condition
Kabuga_Nyabugogo_001,Kabuga - Nyabugogo,1,1,-1.97922,30.22352,Kabuga Bus Park1,0.9701075590621605,0.0,2.328258141749185,Start,Short,Close,normal
Kabuga_Nyabugogo_001,Kabuga - Nyabugogo,2,2,-1.98699,30.21955,Masaka Hospital,3.336086710390547,0.9701075590621605,8.006608104937312,Start,Medium,Far,normal
Kabuga_Nyabugogo_001,Kabuga - Nyabugogo,3,3,-1.99804,30.19164,Masaka Bus Terminal,0.24150017957086886,4.306194269452708,0.5796004309700853,Start,Very Short,Very Close,normal
Kabuga_Nyabugogo_001,Kabuga - Nyabugogo,4,4,-1.99587,30.19155,Masaka Rd_2,0.3206555056227317,4.5476944490235764,0.7695732134945561,Start,Very Short,Very Close,normal
Kabuga_Nyabugogo_001,Kabuga - Nyabugogo,5,5,-1.99302,30.19111,Masaka Health Centre,0.386537039171874,4.868349954646308,0.9276888940124975,Start,Very Short,Very Close,normal
Kabuga_Nyabugogo_001,Kabuga - Nyabugogo,6,6,-1.99001,30.19285,Masaka Rd_1,0.5573654001193555,5.254886993818182,1.3376769602864533,Start,Very Short,Close,normal
Kabuga_Nyabugogo_001,Kabuga - Nyabugogo,7,7,-1.98532,30.19108,At 19_Inyange1,1.1732298318493493,5.812252393937538,2.8157515964384383,Start,Short,Medium,normal
Kabuga_Nyabugogo_001,Kabuga - Nyabugogo,8,8,-1.9792,30.18248,KK 3 Rd_15,0.21912329212771858,6.985482225786887,0.5258959011065246,Early,Very Short,Very Close,normal
Kabuga_Nyabugogo_001,Kabuga - Nyabugogo,9,9,-1.97749,30.1815,Kibaya Minagri,0.5349574566587709,7.204605517914605,1.2838978959810503,Early,Very Short,Close,normal
Kabuga_Nyabugogo_001,Kabuga - Nyabugogo,10,10,-1.97365,30.1786,Bus Route 107_3,0.4138808070169698,7.739562974573376,0.9933139368407276,Early,Very Short,Very Close,normal
Kabuga_Nyabugogo_001,Kabuga - Nyabugogo,11,11,-1.97129,30.17572,Mulindi1,0.7142764137104124,8.153443781590346,1.7142633929049897,Early,Very Short,Close,normal
Kabuga_Nyabugogo_001,Kabuga - Nyabugogo,12,12,-1.96891,30.16975,KK 3 Rd_11,0.7548198593853719,8.867720195300757,1.8115676625248924,Early,Very Short,Close,normal
Kabuga_Nyabugogo_001,Kabuga - Nyabugogo,13,13,-1.96715,30.16319,At 15 Ndera1,1.774549572288848,9.622540054686128,4.258918973493236,Early,Short,Medium,normal
Kabuga_Nyabugogo_001,Kabuga - Nyabugogo,14,14,-1.95801,30.1501,SEZ B2,1.309339477933483,11.397089626974976,3.1424147470403594,Early,Short,Medium,normal
Kabuga_Nyabugogo_001,Kabuga - Nyabugogo,15,15,-1.95409,30.13899,Kigali Parents School2,0.8524479522483169,12.706429104908459,2.0458750853959606,Early,Short,Close,normal
Kabuga_Nyabugogo_001,Kabuga - Nyabugogo,16,16,-1.95748,30.13211,La Parisse1,1.0178540793831503,13.558877057156776,2.4428497905195607,Mid,Short,Medium,normal
Kabuga_Nyabugogo_001,Kabuga - Nyabugogo,17,17,-1.96272,30.1246,Ku Cyamutzig,1.0702725922093392,14.576731136539927,2.568654221302414,Mid,Short,Medium,normal
Kabuga_Nyabugogo_001,Kabuga - Nyabugogo,18,18,-1.96011,30.11533,Prince House2,0.3725484308359312,15.647003728749265,0.8941162340062349,Mid,Very Short,Very Close,normal
Kabuga_Nyabugogo_001,Kabuga - Nyabugogo,19,19,-1.9612,30.11216,Alpha Palace Hotel,0.39615128446227776,16.019552159585196,0.9507630827094666,Mid,Very Short,Very Close,normal
Kabuga_Nyabugogo_001,Kabuga - Nyabugogo,20,20,-1.96281,30.10898,Good Year2,1.00684016386932,16.415703444047473,2.416416393286368,Mid,Short,Medium,normal
Kabuga_Nyabugogo_001,Kabuga - Nyabugogo,21,21,-1.9682,30.1017,Sonatubes,0.4197804868025006,17.422543607916793,1.0074731683260012,Mid,Very Short,Very Close,normal
Kabuga_Nyabugogo_001,Kabuga - Nyabugogo,22,22,-1.96891,30.09799,Bralirwa3,0.42490554001022995,17.842324094719295,1.0197732960245518,Mid,Very Short,Very Close,normal
Kabuga_Nyabugogo_001,Kabuga - Nyabugogo,23,23,-1.96807,30.09426,Amasezerano,0.8425591186725521,18.267229634729524,2.0221418848141246,Mid,Short,Close,normal
Kabuga_Nyabugogo_001,Kabuga - Nyabugogo,24,24,-1.96918,30.08676,Rwandex,0.47209631174012007,19.109788753402075,1.1330311481762882,Mid,Very Short,Very Close,normal
Kabuga_Nyabugogo_001,Kabuga - Nyabugogo,25,25,-1.96752,30.08285,Kwa Mironko2,0.4003229889293893,19.581885065142195,0.9607751734305342,Late,Very Short,Very Close,normal
Kabuga_Nyabugogo_001,Kabuga - Nyabugogo,26,26,-1.96489,30.08039,KN 3 Rd_6,0.40824328873015586,19.982208054071585,0.9797838929523741,Late,Very Short,Very Close,normal
Kabuga_Nyabugogo_001,Kabuga - Nyabugogo,27,27,-1.96249,30.07761,Volta Super1,0.6016278753874896,20.39045134280174,1.4439069009299752,Late,Very Short,Close,normal
Kabuga_Nyabugogo_001,Kabuga - Nyabugogo,28,28,-1.9573,30.07608,Ku Mazi1,0.7948486265211265,20.99207921818923,1.9076367036507038,Late,Very Short,Close,normal
Kabuga_Nyabugogo_001,Kabuga - Nyabugogo,29,29,-1.95026,30.07484,Chez Rasta,0.4152765583912416,21.786927844710355,0.9966637401389798,Late,Very Short,Very Close,normal
Kabuga_Nyabugogo_001,Kabuga - Nyabugogo,30,30,-1.94667,30.07381,One Love,0.801787985750797,22.202204403101597,1.9242911658019126,Late,Very Short,Close,normal
Kabuga_Nyabugogo_001,Kabuga - Nyabugogo,31,31,-1.94101,30.06934,Forex Form_Poids Lourd,0.7231421345887415,23.003992388852392,1.7355411230129796,Late,Very Short,Close,normal
Kabuga_Nyabugogo_001,Kabuga - Nyabugogo,32,32,-1.93686,30.06433,Kigali Gaz_Kinamba,0.4573088604235281,23.727134523441133,1.0975412650164675,Late,Very Short,Very Close,normal
Kabuga_Nyabugogo_001,Kabuga - Nyabugogo,33,33,-1.93549,30.06045,Kinamba Bridge,0.7785650226464954,24.18444338386466,1.8685560543515891,Late,Very Short,Close,normal
Kabuga_Nyabugogo_001,Kabuga - Nyabugogo,34,34,-1.93596,30.05346,Handicap HQs,0.5587761121784696,24.963008406511157,1.341062669228327,Late,Very Short,Close,normal
Kabuga_Nyabugogo_001,Kabuga - Nyabugogo,35,35,-1.93841,30.04907,Ku Magare,0.5450074108193256,25.52178451868963,1.3080177859663813,Late,Very Short,Close,normal
Kabuga_Nyabugogo_001,Kabuga - Nyabugogo,36,36,-1.94073,30.04475,Nyabugogo Bus Park,0.0,26.066791929508955,0.0,Late,Very Short,,normal
Kabuga_Nyabugogo_001,Kabuga - Nyabugogo,1,1,-1.97922,30.22352,Kabuga Bus Park1,0.9942008667886283,0.0,3.7252130267986967,Start,Short,Close,rush_hour
Kabuga_Nyabugogo_001,Kabuga - Nyabugogo,2,2,-1.98699,30.21955,Masaka Hospital,3.3130236255076158,0.9942008667886283,12.8105729678997,Start,Long,Far,rush_hour
Kabuga_Nyabugogo_001,Kabuga - Nyabugogo,3,3,-1.99804,30.19164,Masaka Bus Terminal,0.2493210244837344,4.307224492296244,0.9273606895521365,Start,Very Short,Very Close,rush_hour
Kabuga_Nyabugogo_001,Kabuga - Nyabugogo,4,4,-1.99587,30.19155,Masaka Rd_2,0.34507390105698327,4.556545516779979,1.2313171415912898,Start,Very Short,Very Close,rush_hour
Kabuga_Nyabugogo_001,Kabuga - Nyabugogo,5,5,-1.99302,30.19111,Masaka Health Centre,0.38201159156299097,4.901619417836962,1.4843022304199962,Start,Very Short,Very Close,rush_hour
Kabuga_Nyabugogo_001,Kabuga - Nyabugogo,6,6,-1.99001,30.19285,Masaka Rd_1,0.5508404081847201,5.283631009399953,2.1402831364583252,Start,Short,Close,rush_hour
Kabuga_Nyabugogo_001,Kabuga - Nyabugogo,7,7,-1.98532,30.19108,At 19_Inyange1,1.2658688111489529,5.834471417584672,4.505202554301501,Start,Short,Medium,rush_hour
Kabuga_Nyabugogo_001,Kabuga - Nyabugogo,8,8,-1.9792,30.18248,KK 3 Rd_15,0.22753143334497505,7.100340228733625,0.8414334417704394,Early,Very Short,Very Close,rush_hour
Kabuga_Nyabugogo_001,Kabuga - Nyabugogo,9,9,-1.97749,30.1815,Kibaya Minagri,0.5224000154854609,7.3278716620786,2.0542366335696807,Early,Short,Close,rush_hour
Kabuga_Nyabugogo_001,Kabuga - Nyabugogo,10,10,-1.97365,30.1786,Bus Route 107_3,0.42510856645169587,7.850271677564061,1.5893022989451642,Early,Very Short,Very Close,rush_hour
Kabuga_Nyabugogo_001,Kabuga - Nyabugogo,11,11,-1.97129,30.17572,Mulindi1,0.6977259973268104,8.275380244015757,2.742821428647984,Early,Short,Close,rush_hour
Kabuga_Nyabugogo_001,Kabuga - Nyabugogo,12,12,-1.96891,30.16975,KK 3 Rd_11,0.7372427560302977,8.973106241342567,2.898508260039828,Early,Short,Close,rush_hour
Kabuga_Nyabugogo_001,Kabuga - Nyabugogo,13,13,-1.96715,30.16319,At 15 Ndera1,1.7960182745647255,9.710348997372865,6.814270357589177,Early,Medium,Medium,rush_hour
Kabuga_Nyabugogo_001,Kabuga - Nyabugogo,14,14,-1.95801,30.1501,SEZ B2,1.1840828100994487,11.50636727193759,5.027863595264575,Early,Medium,Medium,rush_hour
Kabuga_Nyabugogo_001,Kabuga - Nyabugogo,15,15,-1.95409,30.13899,Kigali Parents School2,0.7789278185422,12.690450082037039,3.273400136633537,Early,Short,Close,rush_hour
Kabuga_Nyabugogo_001,Kabuga - Nyabugogo,16,16,-1.95748,30.13211,La Parisse1,0.9892377466119405,13.46937790057924,3.9085596648312975,Mid,Short,Close,rush_hour
Kabuga_Nyabugogo_001,Kabuga - Nyabugogo,17,17,-1.96272,30.1246,Ku Cyamutzig,1.0160723227778086,14.45861564719118,4.109846754083863,Mid,Short,Medium,rush_hour
Kabuga_Nyabugogo_001,Kabuga - Nyabugogo,18,18,-1.96011,30.11533,Prince House2,0.3784020483685685,15.47468796996899,1.4305859744099758,Mid,Very Short,Very Close,rush_hour
Kabuga_Nyabugogo_001,Kabuga - Nyabugogo,19,19,-1.9612,30.11216,Alpha Palace Hotel,0.3781655392702578,15.853090018337559,1.5212209323351467,Mid,Very Short,Very Close,rush_hour
Kabuga_Nyabugogo_001,Kabuga - Nyabugogo,20,20,-1.96281,30.10898,Good Year2,0.9357419593650365,16.231255557607817,3.866266229258189,Mid,Short,Close,rush_hour
Kabuga_Nyabugogo_001,Kabuga - Nyabugogo,21,21,-1.9682,30.1017,Sonatubes,0.45054302448746936,17.166997516972852,1.611957069321602,Mid,Very Short,Very Close,rush_hour
Kabuga_Nyabugogo_001,Kabuga - Nyabugogo,22,22,-1.96891,30.09799,Bralirwa3,0.4201088599662428,17.617540541460322,1.631637273639283,Mid,Very Short,Very Close,rush_hour
Kabuga_Nyabugogo_001,Kabuga - Nyabugogo,23,23,-1.96807,30.09426,Amasezerano,0.8454039439039219,18.037649401426563,3.2354270157025997,Mid,Short,Close,rush_hour
Kabuga_Nyabugogo_001,Kabuga - Nyabugogo,24,24,-1.96918,30.08676,Rwandex,0.43846539354663017,18.883053345330485,1.8128498370820614,Mid,Very Short,Very Close,rush_hour
Kabuga_Nyabugogo_001,Kabuga - Nyabugogo,25,25,-1.96752,30.08285,Kwa Mironko2,0.38942654295921697,19.321518738877113,1.5372402774888547,Mid,Very Short,Very Close,rush_hour
Kabuga_Nyabugogo_001,Kabuga - Nyabugogo,26,26,-1.96489,30.08039,KN 3 Rd_6,0.4105074588710369,19.71094528183633,1.5676542287237987,Late,Very Short,Very Close,rush_hour
Kabuga_Nyabugogo_001,Kabuga - Nyabugogo,27,27,-1.96249,30.07761,Volta Super1,0.5670043843590283,20.12145274070737,2.3102510414879602,Late,Short,Close,rush_hour
Kabuga_Nyabugogo_001,Kabuga - Nyabugogo,28,28,-1.9573,30.07608,Ku Mazi1,0.8097797792145648,20.688457125066396,3.052218725841126,Late,Short,Close,rush_hour
Kabuga_Nyabugogo_001,Kabuga - Nyabugogo,29,29,-1.95026,30.07484,Chez Rasta,0.40280499999193636,21.49823690428096,1.594661984222368,Late,Very Short,Very Close,rush_hour
Kabuga_Nyabugogo_001,Kabuga - Nyabugogo,30,30,-1.94667,30.07381,One Love,0.7900941585456547,21.901041904272898,3.0788658652830603,Late,Short,Close,rush_hour
Kabuga_Nyabugogo_001,Kabuga - Nyabugogo,31,31,-1.94101,30.06934,Forex Form_Poids Lourd,0.7013861643905552,22.69113606281855,2.7768657968207675,Late,Short,Close,rush_hour
Kabuga_Nyabugogo_001,Kabuga - Nyabugogo,32,32,-1.93686,30.06433,Kigali Gaz_Kinamba,0.49966202171078533,23.392522227209106,1.7560660240263481,Late,Very Short,Very Close,rush_hour
Kabuga_Nyabugogo_001,Kabuga - Nyabugogo,33,33,-1.93549,30.06045,Kinamba Bridge,0.7780395992923076,23.892184248919893,2.9896896869625427,Late,Short,Close,rush_hour
Kabuga_Nyabugogo_001,Kabuga - Nyabugogo,34,34,-1.93596,30.05346,Handicap HQs,0.5292249321439368,24.6702238482122,2.145700270765323,Late,Short,Close,rush_hour
Kabuga_Nyabugogo_001,Kabuga - Nyabugogo,35,35,-1.93841,30.04907,Ku Magare,0.5674220644607241,25.199448780356136,2.09282845754621,Late,Short,Close,rush_hour
Kabuga_Nyabugogo_001,Kabuga - Nyabugogo,36,36,-1.94073,30.04475,Nyabugogo Bus Park,0.01,25.76687084481686,0.0,Late,Very Short,Very Close,rush_hour
Kabuga_Nyabugogo_001,Kabuga - Nyabugogo,1,1,-1.97922,30.22352,Kabuga Bus Park1,0.9942008667886283,0.0,1.8626065133993484,Start,Very Short,Close,weekend
Kabuga_Nyabugogo_001,Kabuga - Nyabugogo,2,2,-1.98699,30.21955,Masaka Hospital,3.3130236255076158,0.9942008667886283,6.40528648394985,Start,Medium,Far,weekend
Kabuga_Nyabugogo_001,Kabuga - Nyabugogo,3,3,-1.99804,30.19164,Masaka Bus Terminal,0.2493210244837344,4.307224492296244,0.46368034477606823,Start,Very Short,Very Close,weekend
Kabuga_Nyabugogo_001,Kabuga - Nyabugogo,4,4,-1.99587,30.19155,Masaka Rd_2,0.34507390105698327,4.556545516779979,0.6156585707956449,Start,Very Short,Very Close,weekend
Kabuga_Nyabugogo_001,Kabuga - Nyabugogo,5,5,-1.99302,30.19111,Masaka Health Centre,0.38201159156299097,4.901619417836962,0.7421511152099981,Start,Very Short,Very Close,weekend
Kabuga_Nyabugogo_001,Kabuga - Nyabugogo,6,6,-1.99001,30.19285,Masaka Rd_1,0.5508404081847201,5.283631009399953,1.0701415682291626,Start,Very Short,Close,weekend
Kabuga_Nyabugogo_001,Kabuga - Nyabugogo,7,7,-1.98532,30.19108,At 19_Inyange1,1.2658688111489529,5.834471417584672,2.2526012771507506,Start,Short,Medium,weekend
Kabuga_Nyabugogo_001,Kabuga - Nyabugogo,8,8,-1.9792,30.18248,KK 3 Rd_15,0.22753143334497505,7.100340228733625,0.4207167208852197,Early,Very Short,Very Close,weekend
Kabuga_Nyabugogo_001,Kabuga - Nyabugogo,9,9,-1.97749,30.1815,Kibaya Minagri,0.5224000154854609,7.3278716620786,1.0271183167848403,Early,Very Short,Close,weekend
Kabuga_Nyabugogo_001,Kabuga - Nyabugogo,10,10,-1.97365,30.1786,Bus Route 107_3,0.42510856645169587,7.850271677564061,0.7946511494725821,Early,Very Short,Very Close,weekend
Kabuga_Nyabugogo_001,Kabuga - Nyabugogo,11,11,-1.97129,30.17572,Mulindi1,0.6977259973268104,8.275380244015757,1.371410714323992,Early,Very Short,Close,weekend
Kabuga_Nyabugogo_001,Kabuga - Nyabugogo,12,12,-1.96891,30.16975,KK 3 Rd_11,0.7372427560302977,8.973106241342567,1.449254130019914,Early,Very Short,Close,weekend
Kabuga_Nyabugogo_001,Kabuga - Nyabugogo,13,13,-1.96715,30.16319,At 15 Ndera1,1.7960182745647255,9.710348997372865,3.4071351787945887,Early,Short,Medium,weekend
Kabuga_Nyabugogo_001,Kabuga - Nyabugogo,14,14,-1.95801,30.1501,SEZ B2,1.1840828100994487,11.50636727193759,2.5139317976322877,Early,Short,Medium,weekend
Kabuga_Nyabugogo_001,Kabuga - Nyabugogo,15,15,-1.95409,30.13899,Kigali Parents School2,0.7789278185422,12.690450082037039,1.6367000683167685,Early,Very Short,Close,weekend
Kabuga_Nyabugogo_001,Kabuga - Nyabugogo,16,16,-1.95748,30.13211,La Parisse1,0.9892377466119405,13.46937790057924,1.9542798324156487,Mid,Very Short,Close,weekend
Kabuga_Nyabugogo_001,Kabuga - Nyabugogo,17,17,-1.96272,30.1246,Ku Cyamutzig,1.0160723227778086,14.45861564719118,2.0549233770419315,Mid,Short,Medium,weekend
Kabuga_Nyabugogo_001,Kabuga - Nyabugogo,18,18,-1.96011,30.11533,Prince House2,0.3784020483685685,15.47468796996899,0.7152929872049879,Mid,Very Short,Very Close,weekend
Kabuga_Nyabugogo_001,Kabuga - Nyabugogo,19,19,-1.9612,30.11216,Alpha Palace Hotel,0.3781655392702578,15.853090018337559,0.7606104661675733,Mid,Very Short,Very Close,weekend
Kabuga_Nyabugogo_001,Kabuga - Nyabugogo,20,20,-1.96281,30.10898,Good Year2,0.9357419593650365,16.231255557607817,1.9331331146290944,Mid,Very Short,Close,weekend
Kabuga_Nyabugogo_001,Kabuga - Nyabugogo,21,21,-1.9682,30.1017,Sonatubes,0.45054302448746936,17.166997516972852,0.805978534660801,Mid,Very Short,Very Close,weekend
Kabuga_Nyabugogo_001,Kabuga - Nyabugogo,22,22,-1.96891,30.09799,Bralirwa3,0.4201088599662428,17.617540541460322,0.8158186368196415,Mid,Very Short,Very Close,weekend
Kabuga_Nyabugogo_001,Kabuga - Nyabugogo,23,23,-1.96807,30.09426,Amasezerano,0.8454039439039219,18.037649401426563,1.6177135078512999,Mid,Very Short,Close,weekend
Kabuga_Nyabugogo_001,Kabuga - Nyabugogo,24,24,-1.96918,30.08676,Rwandex,0.43846539354663017,18.883053345330485,0.9064249185410307,Mid,Very Short,Very Close,weekend
Kabuga_Nyabugogo_001,Kabuga - Nyabugogo,25,25,-1.96752,30.08285,Kwa Mironko2,0.38942654295921697,19.321518738877113,0.7686201387444274,Mid,Very Short,Very Close,weekend
Kabuga_Nyabugogo_001,Kabuga - Nyabugogo,26,26,-1.96489,30.08039,KN 3 Rd_6,0.4105074588710369,19.71094528183633,0.7838271143618993,Late,Very Short,Very Close,weekend
Kabuga_Nyabugogo_001,Kabuga - Nyabugogo,27,27,-1.96249,30.07761,Volta Super1,0.5670043843590283,20.12145274070737,1.1551255207439801,Late,Very Short,Close,weekend
Kabuga_Nyabugogo_001,Kabuga - Nyabugogo,28,28,-1.9573,30.07608,Ku Mazi1,0.8097797792145648,20.688457125066396,1.526109362920563,Late,Very Short,Close,weekend
Kabuga_Nyabugogo_001,Kabuga - Nyabugogo,29,29,-1.95026,30.07484,Chez Rasta,0.40280499999193636,21.49823690428096,0.797330992111184,Late,Very Short,Very Close,weekend
Kabuga_Nyabugogo_001,Kabuga - Nyabugogo,30,30,-1.94667,30.07381,One Love,0.7900941585456547,21.901041904272898,1.5394329326415301,Late,Very Short,Close,weekend
Kabuga_Nyabugogo_001,Kabuga - Nyabugogo,31,31,-1.94101,30.06934,Forex Form_Poids Lourd,0.7013861643905552,22.69113606281855,1.3884328984103838,Late,Very Short,Close,weekend
Kabuga_Nyabugogo_001,Kabuga - Nyabugogo,32,32,-1.93686,30.06433,Kigali Gaz_Kinamba,0.49966202171078533,23.392522227209106,0.8780330120131741,Late,Very Short,Very Close,weekend
Kabuga_Nyabugogo_001,Kabuga - Nyabugogo,33,33,-1.93549,30.06045,Kinamba Bridge,0.7780395992923076,23.892184248919893,1.4948448434812713,Late,Very Short,Close,weekend
Kabuga_Nyabugogo_001,Kabuga - Nyabugogo,34,34,-1.93596,30.05346,Handicap HQs,0.5292249321439368,24.6702238482122,1.0728501353826616,Late,Very Short,Close,weekend
Kabuga_Nyabugogo_001,Kabuga - Nyabugogo,35,35,-1.93841,30.04907,Ku Magare,0.5674220644607241,25.199448780356136,1.046414228773105,Late,Very Short,Close,weekend
Kabuga_Nyabugogo_001,Kabuga - Nyabugogo,36,36,-1.94073,30.04475,Nyabugogo Bus Park,0.01,25.76687084481686,0.0,Late,Very Short,Very Close,weekend
Kabuga_Nyabugogo_001,Kabuga - Nyabugogo,1,1,-1.97922,30.22352,Kabuga Bus Park1,0.9942008667886283,0.0,3.259561398448859,Start,Short,Close,rainy
Kabuga_Nyabugogo_001,Kabuga - Nyabugogo,2,2,-1.98699,30.21955,Masaka Hospital,3.3130236255076158,0.9942008667886283,11.209251346912236,Start,Long,Far,rainy
Kabuga_Nyabugogo_001,Kabuga - Nyabugogo,3,3,-1.99804,30.19164,Masaka Bus Terminal,0.2493210244837344,4.307224492296244,0.8114406033581194,Start,Very Short,Very Close,rainy
Kabuga_Nyabugogo_001,Kabuga - Nyabugogo,4,4,-1.99587,30.19155,Masaka Rd_2,0.34507390105698327,4.556545516779979,1.0774024988923785,Start,Very Short,Very Close,rainy
Kabuga_Nyabugogo_001,Kabuga - Nyabugogo,5,5,-1.99302,30.19111,Masaka Health Centre,0.38201159156299097,4.901619417836962,1.2987644516174965,Start,Very Short,Very Close,rainy
Kabuga_Nyabugogo_001,Kabuga - Nyabugogo,6,6,-1.99001,30.19285,Masaka Rd_1,0.5508404081847201,5.283631009399953,1.8727477444010345,Start,Very Short,Close,rainy
Kabuga_Nyabugogo_001,Kabuga - Nyabugogo,7,7,-1.98532,30.19108,At 19_Inyange1,1.2658688111489529,5.834471417584672,3.942052235013813,Start,Short,Medium,rainy
Kabuga_Nyabugogo_001,Kabuga - Nyabugogo,8,8,-1.9792,30.18248,KK 3 Rd_15,0.22753143334497505,7.100340228733625,0.7362542615491344,Early,Very Short,Very Close,rainy
Kabuga_Nyabugogo_001,Kabuga - Nyabugogo,9,9,-1.97749,30.1815,Kibaya Minagri,0.5224000154854609,7.3278716620786,1.7974570543734703,Early,Very Short,Close,rainy
Kabuga_Nyabugogo_001,Kabuga - Nyabugogo,10,10,-1.97365,30.1786,Bus Route 107_3,0.42510856645169587,7.850271677564061,1.3906395115770185,Early,Very Short,Very Close,rainy
Kabuga_Nyabugogo_001,Kabuga - Nyabugogo,11,11,-1.97129,30.17572,Mulindi1,0.6977259973268104,8.275380244015757,2.3999687500669853,Early,Short,Close,rainy
Kabuga_Nyabugogo_001,Kabuga - Nyabugogo,12,12,-1.96891,30.16975,KK 3 Rd_11,0.7372427560302977,8.973106241342567,2.5361947275348493,Early,Short,Close,rainy
Kabuga_Nyabugogo_001,Kabuga - Nyabugogo,13,13,-1.96715,30.16319,At 15 Ndera1,1.7960182745647255,9.710348997372865,5.96248656289053,Early,Medium,Medium,rainy
Kabuga_Nyabugogo_001,Kabuga - Nyabugogo,14,14,-1.95801,30.1501,SEZ B2,1.1840828100994487,11.50636727193759,4.399380645856503,Early,Short,Medium,rainy
Kabuga_Nyabugogo_001,Kabuga - Nyabugogo,15,15,-1.95409,30.13899,Kigali Parents School2,0.7789278185422,12.690450082037039,2.864225119554345,Early,Short,Close,rainy
Kabuga_Nyabugogo_001,Kabuga - Nyabugogo,16,16,-1.95748,30.13211,La Parisse1,0.9892377466119405,13.46937790057924,3.419989706727385,Mid,Short,Close,rainy
Kabuga_Nyabugogo_001,Kabuga - Nyabugogo,17,17,-1.96272,30.1246,Ku Cyamutzig,1.0160723227778086,14.45861564719118,3.5961159098233795,Mid,Short,Medium,rainy
Kabuga_Nyabugogo_001,Kabuga - Nyabugogo,18,18,-1.96011,30.11533,Prince House2,0.3784020483685685,15.47468796996899,1.2517627276087286,Mid,Very Short,Very Close,rainy
Kabuga_Nyabugogo_001,Kabuga - Nyabugogo,19,19,-1.9612,30.11216,Alpha Palace Hotel,0.3781655392702578,15.853090018337559,1.3310683157932532,Mid,Very Short,Very Close,rainy
Kabuga_Nyabugogo_001,Kabuga - Nyabugogo,20,20,-1.96281,30.10898,Good Year2,0.9357419593650365,16.231255557607817,3.3829829506009146,Mid,Short,Close,rainy
Kabuga_Nyabugogo_001,Kabuga - Nyabugogo,21,21,-1.9682,30.1017,Sonatubes,0.45054302448746936,17.166997516972852,1.4104624356564015,Mid,Very Short,Very Close,rainy
Kabuga_Nyabugogo_001,Kabuga - Nyabugogo,22,22,-1.96891,30.09799,Bralirwa3,0.4201088599662428,17.617540541460322,1.4276826144343724,Mid,Very Short,Very Close,rainy
Kabuga_Nyabugogo_001,Kabuga - Nyabugogo,23,23,-1.96807,30.09426,Amasezerano,0.8454039439039219,18.037649401426563,2.830998638739774,Mid,Short,Close,rainy
Kabuga_Nyabugogo_001,Kabuga - Nyabugogo,24,24,-1.96918,30.08676,Rwandex,0.43846539354663017,18.883053345330485,1.5862436074468034,Mid,Very Short,Very Close,rainy
Kabuga_Nyabugogo_001,Kabuga - Nyabugogo,25,25,-1.96752,30.08285,Kwa Mironko2,0.38942654295921697,19.321518738877113,1.3450852428027478,Mid,Very Short,Very Close,rainy
Kabuga_Nyabugogo_001,Kabuga - Nyabugogo,26,26,-1.96489,30.08039,KN 3 Rd_6,0.4105074588710369,19.71094528183633,1.3716974501333237,Late,Very Short,Very Close,rainy
Kabuga_Nyabugogo_001,Kabuga - Nyabugogo,27,27,-1.96249,30.07761,Volta Super1,0.5670043843590283,20.12145274070737,2.0214696613019654,Late,Short,Close,rainy
Kabuga_Nyabugogo_001,Kabuga - Nyabugogo,28,28,-1.9573,30.07608,Ku Mazi1,0.8097797792145648,20.688457125066396,2.670691385110985,Late,Short,Close,rainy
Kabuga_Nyabugogo_001,Kabuga - Nyabugogo,29,29,-1.95026,30.07484,Chez Rasta,0.40280499999193636,21.49823690428096,1.3953292361945717,Late,Very Short,Very Close,rainy
Kabuga_Nyabugogo_001,Kabuga - Nyabugogo,30,30,-1.94667,30.07381,One Love,0.7900941585456547,21.901041904272898,2.6940076321226774,Late,Short,Close,rainy
Kabuga_Nyabugogo_001,Kabuga - Nyabugogo,31,31,-1.94101,30.06934,Forex Form_Poids Lourd,0.7013861643905552,22.69113606281855,2.4297575722181715,Late,Short,Close,rainy
Kabuga_Nyabugogo_001,Kabuga - Nyabugogo,32,32,-1.93686,30.06433,Kigali Gaz_Kinamba,0.49966202171078533,23.392522227209106,1.5365577710230545,Late,Very Short,Very Close,rainy
Kabuga_Nyabugogo_001,Kabuga - Nyabugogo,33,33,-1.93549,30.06045,Kinamba Bridge,0.7780395992923076,23.892184248919893,2.6159784760922244,Late,Short,Close,rainy
Kabuga_Nyabugogo_001,Kabuga - Nyabugogo,34,34,-1.93596,30.05346,Handicap HQs,0.5292249321439368,24.6702238482122,1.8774877369196576,Late,Very Short,Close,rainy
Kabuga_Nyabugogo_001,Kabuga - Nyabugogo,35,35,-1.93841,30.04907,Ku Magare,0.5674220644607241,25.199448780356136,1.8312249003529337,Late,Very Short,Close,rainy
Kabuga_Nyabugogo_001,Kabuga - Nyabugogo,36,36,-1.94073,30.04475,Nyabugogo Bus Park,0.01,25.76687084481686,0.0,Late,Very Short,Very Close,rainy
Kabuga_Nyabugogo_001,Kabuga - Nyabugogo,1,1,-1.97922,30.22352,Kabuga Bus Park1,0.9942008667886283,0.0,1.6297806992244295,Start,Very Short,Close,late_night
Kabuga_Nyabugogo_001,Kabuga - Nyabugogo,2,2,-1.98699,30.21955,Masaka Hospital,3.3130236255076158,0.9942008667886283,5.604625673456118,Start,Medium,Far,late_night
Kabuga_Nyabugogo_001,Kabuga - Nyabugogo,3,3,-1.99804,30.19164,Masaka Bus Terminal,0.2493210244837344,4.307224492296244,0.4057203016790597,Start,Very Short,Very Close,late_night
Kabuga_Nyabugogo_001,Kabuga - Nyabugogo,4,4,-1.99587,30.19155,Masaka Rd_2,0.34507390105698327,4.556545516779979,0.5387012494461892,Start,Very Short,Very Close,late_night
Kabuga_Nyabugogo_001,Kabuga - Nyabugogo,5,5,-1.99302,30.19111,Masaka Health Centre,0.38201159156299097,4.901619417836962,0.6493822258087483,Start,Very Short,Very Close,late_night
Kabuga_Nyabugogo_001,Kabuga - Nyabugogo,6,6,-1.99001,30.19285,Masaka Rd_1,0.5508404081847201,5.283631009399953,0.9363738722005173,Start,Very Short,Close,late_night
Kabuga_Nyabugogo_001,Kabuga - Nyabugogo,7,7,-1.98532,30.19108,At 19_Inyange1,1.2658688111489529,5.834471417584672,1.9710261175069066,Start,Very Short,Medium,late_night
Kabuga_Nyabugogo_001,Kabuga - Nyabugogo,8,8,-1.9792,30.18248,KK 3 Rd_15,0.22753143334497505,7.100340228733625,0.3681271307745672,Early,Very Short,Very Close,late_night
Kabuga_Nyabugogo_001,Kabuga - Nyabugogo,9,9,-1.97749,30.1815,Kibaya Minagri,0.5224000154854609,7.3278716620786,0.8987285271867351,Early,Very Short,Close,late_night
Kabuga_Nyabugogo_001,Kabuga - Nyabugogo,10,10,-1.97365,30.1786,Bus Route 107_3,0.42510856645169587,7.850271677564061,0.6953197557885092,Early,Very Short,Very Close,late_night
Kabuga_Nyabugogo_001,Kabuga - Nyabugogo,11,11,-1.97129,30.17572,Mulindi1,0.6977259973268104,8.275380244015757,1.1999843750334926,Early,Very Short,Close,late_night
Kabuga_Nyabugogo_001,Kabuga - Nyabugogo,12,12,-1.96891,30.16975,KK 3 Rd_11,0.7372427560302977,8.973106241342567,1.2680973637674247,Early,Very Short,Close,late_night
Kabuga_Nyabugogo_001,Kabuga - Nyabugogo,13,13,-1.96715,30.16319,At 15 Ndera1,1.7960182745647255,9.710348997372865,2.981243281445265,Early,Short,Medium,late_night
Kabuga_Nyabugogo_001,Kabuga - Nyabugogo,14,14,-1.95801,30.1501,SEZ B2,1.1840828100994487,11.50636727193759,2.1996903229282516,Early,Short,Medium,late_night
Kabuga_Nyabugogo_001,Kabuga - Nyabugogo,15,15,-1.95409,30.13899,Kigali Parents School2,0.7789278185422,12.690450082037039,1.4321125597771724,Early,Very Short,Close,late_night
Kabuga_Nyabugogo_001,Kabuga - Nyabugogo,16,16,-1.95748,30.13211,La Parisse1,0.9892377466119405,13.46937790057924,1.7099948533636924,Mid,Very Short,Close,late_night
Kabuga_Nyabugogo_001,Kabuga - Nyabugogo,17,17,-1.96272,30.1246,Ku Cyamutzig,1.0160723227778086,14.45861564719118,1.7980579549116897,Mid,Very Short,Medium,late_night
Kabuga_Nyabugogo_001,Kabuga - Nyabugogo,18,18,-1.96011,30.11533,Prince House2,0.3784020483685685,15.47468796996899,0.6258813638043643,Mid,Very Short,Very Close,late_night
Kabuga_Nyabugogo_001,Kabuga - Nyabugogo,19,19,-1.9612,30.11216,Alpha Palace Hotel,0.3781655392702578,15.853090018337559,0.6655341578966266,Mid,Very Short,Very Close,late_night
Kabuga_Nyabugogo_001,Kabuga - Nyabugogo,20,20,-1.96281,30.10898,Good Year2,0.9357419593650365,16.231255557607817,1.6914914753004573,Mid,Very Short,Close,late_night
Kabuga_Nyabugogo_001,Kabuga - Nyabugogo,21,21,-1.9682,30.1017,Sonatubes,0.45054302448746936,17.166997516972852,0.7052312178282008,Mid,Very Short,Very Close,late_night
Kabuga_Nyabugogo_001,Kabuga - Nyabugogo,22,22,-1.96891,30.09799,Bralirwa3,0.4201088599662428,17.617540541460322,0.7138413072171862,Mid,Very Short,Very Close,late_night
Kabuga_Nyabugogo_001,Kabuga - Nyabugogo,23,23,-1.96807,30.09426,Amasezerano,0.8454039439039219,18.037649401426563,1.415499319369887,Mid,Very Short,Close,late_night
Kabuga_Nyabugogo_001,Kabuga - Nyabugogo,24,24,-1.96918,30.08676,Rwandex,0.43846539354663017,18.883053345330485,0.7931218037234017,Mid,Very Short,Very Close,late_night
Kabuga_Nyabugogo_001,Kabuga - Nyabugogo,25,25,-1.96752,30.08285,Kwa Mironko2,0.38942654295921697,19.321518738877113,0.6725426214013739,Mid,Very Short,Very Close,late_night
Kabuga_Nyabugogo_001,Kabuga - Nyabugogo,26,26,-1.96489,30.08039,KN 3 Rd_6,0.4105074588710369,19.71094528183633,0.6858487250666618,Late,Very Short,Very Close,late_night
Kabuga_Nyabugogo_001,Kabuga - Nyabugogo,27,27,-1.96249,30.07761,Volta Super1,0.5670043843590283,20.12145274070737,1.0107348306509827,Late,Very Short,Close,late_night
Kabuga_Nyabugogo_001,Kabuga - Nyabugogo,28,28,-1.9573,30.07608,Ku Mazi1,0.8097797792145648,20.688457125066396,1.3353456925554925,Late,Very Short,Close,late_night
Kabuga_Nyabugogo_001,Kabuga - Nyabugogo,29,29,-1.95026,30.07484,Chez Rasta,0.40280499999193636,21.49823690428096,0.6976646180972859,Late,Very Short,Very Close,late_night
Kabuga_Nyabugogo_001,Kabuga - Nyabugogo,30,30,-1.94667,30.07381,One Love,0.7900941585456547,21.901041904272898,1.3470038160613387,Late,Very Short,Close,late_night
Kabuga_Nyabugogo_001,Kabuga - Nyabugogo,31,31,-1.94101,30.06934,Forex Form_Poids Lourd,0.7013861643905552,22.69113606281855,1.2148787861090857,Late,Very Short,Close,late_night
Kabuga_Nyabugogo_001,Kabuga - Nyabugogo,32,32,-1.93686,30.06433,Kigali Gaz_Kinamba,0.49966202171078533,23.392522227209106,0.7682788855115272,Late,Very Short,Very Close,late_night
Kabuga_Nyabugogo_001,Kabuga - Nyabugogo,33,33,-1.93549,30.06045,Kinamba Bridge,0.7780395992923076,23.892184248919893,1.3079892380461122,Late,Very Short,Close,late_night
Kabuga_Nyabugogo_001,Kabuga - Nyabugogo,34,34,-1.93596,30.05346,Handicap HQs,0.5292249321439368,24.6702238482122,0.9387438684598288,Late,Very Short,Close,late_night
Kabuga_Nyabugogo_001,Kabuga - Nyabugogo,35,35,-1.93841,30.04907,Ku Magare,0.5674220644607241,25.199448780356136,0.9156124501764669,Late,Very Short,Close,late_night
Kabuga_Nyabugogo_001,Kabuga - Nyabugogo,36,36,-1.94073,30.04475,Nyabugogo Bus Park,0.01,25.76687084481686,0.0,Late,Very Short,Very Close,late_night
Kabuga_Nyabugogo_001,Kabuga - Nyabugogo,1,1,-1.97922,30.22352,Kabuga Bus Park1,0.9942008667886283,0.0,4.65651628349837,Start,Short,Close,accident
Kabuga_Nyabugogo_001,Kabuga - Nyabugogo,2,2,-1.98699,30.21955,Masaka Hospital,3.3130236255076158,0.9942008667886283,16.013216209874624,Start,Long,Far,accident
Kabuga_Nyabugogo_001,Kabuga - Nyabugogo,3,3,-1.99804,30.19164,Masaka Bus Terminal,0.2493210244837344,4.307224492296244,1.1592008619401706,Start,Very Short,Very Close,accident
Kabuga_Nyabugogo_001,Kabuga - Nyabugogo,4,4,-1.99587,30.19155,Masaka Rd_2,0.34507390105698327,4.556545516779979,1.5391464269891122,Start,Very Short,Very Close,accident
Kabuga_Nyabugogo_001,Kabuga - Nyabugogo,5,5,-1.99302,30.19111,Masaka Health Centre,0.38201159156299097,4.901619417836962,1.855377788024995,Start,Very Short,Very Close,accident
Kabuga_Nyabugogo_001,Kabuga - Nyabugogo,6,6,-1.99001,30.19285,Masaka Rd_1,0.5508404081847201,5.283631009399953,2.6753539205729067,Start,Short,Close,accident
Kabuga_Nyabugogo_001,Kabuga - Nyabugogo,7,7,-1.98532,30.19108,At 19_Inyange1,1.2658688111489529,5.834471417584672,5.631503192876877,Start,Medium,Medium,accident
Kabuga_Nyabugogo_001,Kabuga - Nyabugogo,8,8,-1.9792,30.18248,KK 3 Rd_15,0.22753143334497505,7.100340228733625,1.0517918022130492,Early,Very Short,Very Close,accident
Kabuga_Nyabugogo_001,Kabuga - Nyabugogo,9,9,-1.97749,30.1815,Kibaya Minagri,0.5224000154854609,7.3278716620786,2.5677957919621006,Early,Short,Close,accident
Kabuga_Nyabugogo_001,Kabuga - Nyabugogo,10,10,-1.97365,30.1786,Bus Route 107_3,0.42510856645169587,7.850271677564061,1.986627873681455,Early,Very Short,Very Close,accident
Kabuga_Nyabugogo_001,Kabuga - Nyabugogo,11,11,-1.97129,30.17572,Mulindi1,0.6977259973268104,8.275380244015757,3.4285267858099795,Early,Short,Close,accident
Kabuga_Nyabugogo_001,Kabuga - Nyabugogo,12,12,-1.96891,30.16975,KK 3 Rd_11,0.7372427560302977,8.973106241342567,3.623135325049785,Early,Short,Close,accident
Kabuga_Nyabugogo_001,Kabuga - Nyabugogo,13,13,-1.96715,30.16319,At 15 Ndera1,1.7960182745647255,9.710348997372865,8.517837946986472,Early,Medium,Medium,accident
Kabuga_Nyabugogo_001,Kabuga - Nyabugogo,14,14,-1.95801,30.1501,SEZ B2,1.1840828100994487,11.50636727193759,6.284829494080719,Early,Medium,Medium,accident
Kabuga_Nyabugogo_001,Kabuga - Nyabugogo,15,15,-1.95409,30.13899,Kigali Parents School2,0.7789278185422,12.690450082037039,4.091750170791921,Early,Short,Close,accident
Kabuga_Nyabugogo_001,Kabuga - Nyabugogo,16,16,-1.95748,30.13211,La Parisse1,0.9892377466119405,13.46937790057924,4.8856995810391215,Mid,Short,Close,accident
Kabuga_Nyabugogo_001,Kabuga - Nyabugogo,17,17,-1.96272,30.1246,Ku Cyamutzig,1.0160723227778086,14.45861564719118,5.137308442604828,Mid,Medium,Medium,accident
Kabuga_Nyabugogo_001,Kabuga - Nyabugogo,18,18,-1.96011,30.11533,Prince House2,0.3784020483685685,15.47468796996899,1.7882324680124697,Mid,Very Short,Very Close,accident
Kabuga_Nyabugogo_001,Kabuga - Nyabugogo,19,19,-1.9612,30.11216,Alpha Palace Hotel,0.3781655392702578,15.853090018337559,1.9015261654189333,Mid,Very Short,Very Close,accident
Kabuga_Nyabugogo_001,Kabuga - Nyabugogo,20,20,-1.96281,30.10898,Good Year2,0.9357419593650365,16.231255557607817,4.832832786572736,Mid,Short,Close,accident
Kabuga_Nyabugogo_001,Kabuga - Nyabugogo,21,21,-1.9682,30.1017,Sonatubes,0.45054302448746936,17.166997516972852,2.0149463366520024,Mid,Short,Very Close,accident
Kabuga_Nyabugogo_001,Kabuga - Nyabugogo,22,22,-1.96891,30.09799,Bralirwa3,0.4201088599662428,17.617540541460322,2.0395465920491036,Mid,Short,Very Close,accident
Kabuga_Nyabugogo_001,Kabuga - Nyabugogo,23,23,-1.96807,30.09426,Amasezerano,0.8454039439039219,18.037649401426563,4.044283769628249,Mid,Short,Close,accident
Kabuga_Nyabugogo_001,Kabuga - Nyabugogo,24,24,-1.96918,30.08676,Rwandex,0.43846539354663017,18.883053345330485,2.2660622963525765,Mid,Short,Very Close,accident
Kabuga_Nyabugogo_001,Kabuga - Nyabugogo,25,25,-1.96752,30.08285,Kwa Mironko2,0.38942654295921697,19.321518738877113,1.9215503468610684,Mid,Very Short,Very Close,accident
Kabuga_Nyabugogo_001,Kabuga - Nyabugogo,26,26,-1.96489,30.08039,KN 3 Rd_6,0.4105074588710369,19.71094528183633,1.9595677859047482,Late,Very Short,Very Close,accident
Kabuga_Nyabugogo_001,Kabuga - Nyabugogo,27,27,-1.96249,30.07761,Volta Super1,0.5670043843590283,20.12145274070737,2.8878138018599504,Late,Short,Close,accident
Kabuga_Nyabugogo_001,Kabuga - Nyabugogo,28,28,-1.9573,30.07608,Ku Mazi1,0.8097797792145648,20.688457125066396,3.8152734073014076,Late,Short,Close,accident
Kabuga_Nyabugogo_001,Kabuga - Nyabugogo,29,29,-1.95026,30.07484,Chez Rasta,0.40280499999193636,21.49823690428096,1.9933274802779597,Late,Very Short,Very Close,accident
Kabuga_Nyabugogo_001,Kabuga - Nyabugogo,30,30,-1.94667,30.07381,One Love,0.7900941585456547,21.901041904272898,3.8485823316038252,Late,Short,Close,accident
Kabuga_Nyabugogo_001,Kabuga - Nyabugogo,31,31,-1.94101,30.06934,Forex Form_Poids Lourd,0.7013861643905552,22.69113606281855,3.471082246025959,Late,Short,Close,accident
Kabuga_Nyabugogo_001,Kabuga - Nyabugogo,32,32,-1.93686,30.06433,Kigali Gaz_Kinamba,0.49966202171078533,23.392522227209106,2.195082530032935,Late,Short,Very Close,accident
Kabuga_Nyabugogo_001,Kabuga - Nyabugogo,33,33,-1.93549,30.06045,Kinamba Bridge,0.7780395992923076,23.892184248919893,3.7371121087031782,Late,Short,Close,accident
Kabuga_Nyabugogo_001,Kabuga - Nyabugogo,34,34,-1.93596,30.05346,Handicap HQs,0.5292249321439368,24.6702238482122,2.682125338456654,Late,Short,Close,accident
Kabuga_Nyabugogo_001,Kabuga - Nyabugogo,35,35,-1.93841,30.04907,Ku Magare,0.5674220644607241,25.199448780356136,2.6160355719327626,Late,Short,Close,accident
Kabuga_Nyabugogo_001,Kabuga - Nyabugogo,36,36,-1.94073,30.04475,Nyabugogo Bus Park,0.01,25.76687084481686,0.0,Late,Very Short,Very Close,accident
